iso_code	continent	location	date	total_cases	new_cases	new_cases_smoothed	total_deaths	new_deaths	new_deaths_smoothed	total_cases_per_million	new_cases_per_million	new_cases_smoothed_per_million	total_deaths_per_million	new_deaths_per_million	new_deaths_smoothed_per_million	reproduction_rate	icu_patients	icu_patients_per_million	hosp_patients	hosp_patients_per_million	weekly_icu_admissions	weekly_icu_admissions_per_million	weekly_hosp_admissions	weekly_hosp_admissions_per_million	new_tests	total_tests	total_tests_per_thousand	new_tests_per_thousand	new_tests_smoothed	new_tests_smoothed_per_thousand	positive_rate	tests_per_case	tests_units	total_vaccinations	people_vaccinated	people_fully_vaccinated	new_vaccinations	new_vaccinations_smoothed	total_vaccinations_per_hundred	people_vaccinated_per_hundred	people_fully_vaccinated_per_hundred	new_vaccinations_smoothed_per_million	stringency_index	population	population_density	median_age	aged_65_older	aged_70_older	gdp_per_capita	extreme_poverty	cardiovasc_death_rate	diabetes_prevalence	female_smokers	male_smokers	handwashing_facilities	hospital_beds_per_thousand	life_expectancy	human_development_index	excess_mortality
AFG	Asia	Afghanistan	2021-07-24	143439.0	0.0	798.0	6357.0	0.0	53.429	3684.693	0.0	20.499	163.3	0.0	1.372																												53.24	38928341.0	54.422	18.6	2.581	1.337	1803.987		597.029	9.59			37.746	0.5	64.83	0.511	
ALB	Europe	Albania	2021-07-24	132853.0	25.0	26.857	2456.0	0.0	0.0	46164.779	8.687	9.333	853.43	0.0	0.0																													2877800.0	104.871	38.0	13.188	8.643	11803.431	1.1	304.195	10.08	7.1	51.2		2.89	78.57	0.795	
DZA	Africa	Algeria	2021-07-24	160868.0	1305.0	1236.857	4042.0	16.0	17.143	3668.51	29.76	28.206	92.176	0.365	0.391																													43851043.0	17.348	29.1	6.211	3.857	13913.839	0.5	278.364	6.73	0.7	30.4	83.741	1.9	76.88	0.748	
AND	Europe	Andorra	2021-07-24	14498.0	0.0	32.143	127.0	0.0	0.0	187639.94	0.0	416.008	1643.694	0.0	0.0																													77265.0	163.755						109.135	7.97	29.0	37.8			83.73	0.868	
AGO	Africa	Angola	2021-07-24	41736.0	331.0	147.0	982.0	5.0	4.0	1269.873	10.071	4.473	29.879	0.152	0.122																													32866268.0	23.89	16.8	2.405	1.362	5819.495		276.045	3.94			26.664		61.15	0.581	
ATG	North America	Antigua and Barbuda	2021-07-24	1280.0	3.0	1.714	43.0	1.0	0.143	13070.828	30.635	17.506	439.098	10.212	1.459																													97928.0	231.845	32.1	6.933	4.631	21490.943		191.511	13.17				3.8	77.02	0.778	
ARG	South America	Argentina	2021-07-24	4839109.0	11136.0	12809.429	103584.0	225.0	307.143	107069.937	246.395	283.421	2291.896	4.978	6.796																			29437762.0	23492843.0	5944919.0	362482.0	357647.0	65.13	51.98	13.15	7913.0		45195777.0	16.177	31.9	11.198	7.441	18933.907	0.6	191.032	5.5	16.2	27.7		5.0	76.67	0.845	
ARM	Asia	Armenia	2021-07-24	228632.0	250.0	190.571	4584.0	5.0	3.571	77156.242	84.367	64.312	1546.958	1.687	1.205																													2963234.0	102.931	35.7	11.232	7.571	8787.58	1.8	341.01	7.11	1.5	52.1	94.043	4.2	75.09	0.776	
AUS	Oceania	Australia	2021-07-24	32918.0	324.0	145.571	918.0	2.0	0.571	1290.908	12.706	5.709	36.0	0.078	0.022																			11032835.0	7760871.0	3271964.0	181842.0	151727.0	43.27	30.43	12.83	5950.0		25499881.0	3.202	37.9	15.504	10.129	44648.71	0.5	107.791	5.07	13.0	16.5		3.84	83.44	0.944	
AUT	Europe	Austria	2021-07-24	655938.0	349.0	360.857	10731.0	1.0	0.429	72830.21	38.75	40.067	1191.486	0.111	0.048																													9006400.0	106.749	44.4	19.202	13.748	45436.686	0.7	145.183	6.35	28.4	30.9		7.37	81.54	0.922	
AZE	Asia	Azerbaijan	2021-07-24	340057.0	412.0	267.714	5002.0	0.0	1.571	33538.922	40.634	26.404	493.334	0.0	0.155																			4516987.0	2634015.0	1882972.0		27643.0	44.55	25.98	18.57	2726.0		10139175.0	119.309	32.4	6.018	3.871	15847.419		559.812	7.11	0.3	42.5	83.241	4.7	73.0	0.756	
BHS	North America	Bahamas	2021-07-24	13781.0	0.0	53.857	274.0	0.0	0.143	35044.043	0.0	136.955	696.761	0.0	0.363																													393248.0	39.497	34.3	8.996	5.2	27717.847		235.954	13.17	3.1	20.4		2.9	73.92	0.814	
BHR	Asia	Bahrain	2021-07-24	268413.0	75.0	88.143	1382.0	1.0	0.286	157743.113	44.077	51.801	812.185	0.588	0.168																			2266289.0	1101005.0	1041059.0	3591.0	4445.0	133.19	64.7	61.18	2612.0		1701583.0	1935.907	32.4	2.372	1.387	43290.705		151.689	16.52	5.8	37.6		2.0	77.29	0.852	
BGD	Asia	Bangladesh	2021-07-24	1153344.0	6780.0	8704.714	19046.0	195.0	196.714	7003.147	41.168	52.855	115.648	1.184	1.194																			10322957.0	6033439.0	4289518.0		30363.0	6.27	3.66	2.6	184.0		164689383.0	1265.036	27.5	5.098	3.262	3523.984	14.8	298.003	8.38	1.0	44.7	34.808	0.8	72.59	0.632	
BRB	North America	Barbados	2021-07-24	4339.0	9.0	12.571	48.0	0.0	0.0	15098.949	31.318	43.746	167.031	0.0	0.0																													287371.0	664.463	39.8	14.952	9.473	16978.068		170.05	13.57	1.9	14.5	88.469	5.8	79.19	0.814	
BLR	Europe	Belarus	2021-07-24	439828.0	1061.0	917.0	3385.0	9.0	9.857	46545.99	112.283	97.044	358.227	0.952	1.043																													9449321.0	46.858	40.3	14.799	9.788	17167.967		443.129	5.18	10.5	46.1		11.0	74.79	0.823	
BEL	Europe	Belgium	2021-07-24	1113465.0	1304.0	1436.0	25220.0	3.0	1.571	96074.365	112.515	123.904	2176.086	0.259	0.136																													11589616.0	375.564	41.8	18.571	12.849	42658.576	0.2	114.898	4.29	25.1	31.4		5.64	81.63	0.931	
BLZ	North America	Belize	2021-07-24	13917.0	24.0	33.429	332.0	0.0	0.0	35000.666	60.359	84.071	834.966	0.0	0.0																													397621.0	16.426	25.0	3.853	2.279	7824.362		176.957	17.11			90.083	1.3	74.62	0.716	
BEN	Africa	Benin	2021-07-24	8324.0	0.0	11.429	107.0	0.0	0.0	686.618	0.0	0.943	8.826	0.0	0.0																			57886.0	43377.0	14509.0		444.0	0.48	0.36	0.12	37.0		12123198.0	99.11	18.8	3.244	1.942	2064.236	49.6	235.848	0.99	0.6	12.3	11.035	0.5	61.77	0.545	
BTN	Asia	Bhutan	2021-07-24	2482.0	12.0	10.143	2.0	0.0	0.0	3216.643	15.552	13.145	2.592	0.0	0.0																													771612.0	21.188	28.6	4.885	2.977	8708.597	1.5	217.066	9.75			79.807	1.7	71.78	0.654	
BOL	South America	Bolivia	2021-07-24	467975.0	1657.0	894.429	17637.0	61.0	27.714	40090.28	141.951	76.624	1510.919	5.226	2.374																													11673029.0	10.202	25.4	6.704	4.393	6885.829	7.1	204.299	6.89			25.383	1.1	71.51	0.718	
BIH	Europe	Bosnia and Herzegovina	2021-07-24	205420.0	0.0	19.286	9675.0	0.0	1.286	62612.491	0.0	5.878	2948.962	0.0	0.392																													3280815.0	68.496	42.5	16.569	10.711	11713.895	0.2	329.635	10.08	30.2	47.7	97.164	3.5	77.4	0.78	
BWA	Africa	Botswana	2021-07-24	97657.0	0.0	1646.286	1375.0	0.0	14.429	41527.454	0.0	700.063	584.702	0.0	6.136																													2351625.0	4.044	25.8	3.941	2.242	15807.374		237.372	4.81	5.7	34.4		1.8	69.59	0.735	
BRA	South America	Brazil	2021-07-24	19670534.0	38091.0	46869.429	549448.0	1108.0	1168.857	92541.347	179.202	220.5	2584.915	5.213	5.499																			131845297.0	98514854.0	37145993.0	322634.0	1150223.0	62.03	46.35	17.48	5411.0		212559409.0	25.04	33.5	8.552	5.06	14103.452	3.4	177.961	8.11	10.1	17.9		2.2	75.88	0.765	
BRN	Asia	Brunei	2021-07-24	321.0	10.0	5.429	3.0	0.0	0.0	733.743	22.858	12.409	6.857	0.0	0.0																													437483.0	81.347	32.4	4.591	2.382	71809.251		201.285	12.79	2.0	30.9		2.7	75.86	0.838	
BGR	Europe	Bulgaria	2021-07-24	423629.0	54.0	99.857	18193.0	0.0	3.429	60967.454	7.772	14.371	2618.284	0.0	0.493																			1966097.0	1069399.0	896698.0	3540.0	8027.0	28.3	15.39	12.91	1155.0		6948445.0	65.18	44.7	20.801	13.272	18563.307	1.5	424.688	5.81	30.1	44.4		7.454	75.05	0.816	
BFA	Africa	Burkina Faso	2021-07-24	13538.0	1.0	0.286	169.0	0.0	0.0	647.65	0.048	0.014	8.085	0.0	0.0																			37120.0	34749.0	2371.0		263.0	0.18	0.17	0.01	13.0		20903278.0	70.151	17.6	2.409	1.358	1703.102	43.7	269.048	2.42	1.6	23.9	11.877	0.4	61.58	0.452	
BDI	Africa	Burundi	2021-07-24	6128.0	110.0	46.571	8.0	0.0	0.0	515.357	9.251	3.917	0.673	0.0	0.0																													11890781.0	423.062	17.5	2.562	1.504	702.225	71.7	293.068	6.05			6.144	0.8	61.58	0.433	
KHM	Asia	Cambodia	2021-07-24	72104.0	860.0	824.0	1254.0	32.0	25.429	4312.706	51.439	49.285	75.005	1.914	1.521																													16718971.0	90.672	25.6	4.412	2.385	3645.07		270.892	4.0	2.0	33.7	66.229	0.8	69.82	0.594	
CMR	Africa	Cameroon	2021-07-24	82003.0	132.0	76.571	1334.0	2.0	0.571	3089.106	4.973	2.884	50.253	0.075	0.022																			318485.0	269339.0	49146.0		6779.0	1.2	1.01	0.19	255.0		26545864.0	50.885	18.8	3.165	1.919	3364.926	23.8	244.661	7.2			2.735	1.3	59.29	0.563	
CAN	North America	Canada	2021-07-24	1433525.0	325.0	441.143	26504.0	7.0	7.429	37982.063	8.611	11.688	702.239	0.185	0.197																			47388172.0	26733653.0	20654519.0	247861.0	337236.0	125.56	70.83	54.73	8935.0		37742157.0	4.037	41.4	16.984	10.797	44017.591	0.5	105.599	7.37	12.0	16.6		2.5	82.43	0.929	
CPV	Africa	Cape Verde	2021-07-24	33541.0	89.0	38.714	297.0	0.0	0.286	60326.842	160.075	69.632	534.184	0.0	0.514																			152937.0	135281.0	17656.0		3233.0	27.51	24.33	3.18	5815.0		555988.0	135.58	25.7	4.46	3.437	6222.554		182.219	2.42	2.1	16.5		2.1	72.98	0.665	
CAF	Africa	Central African Republic	2021-07-24	7147.0	0.0	0.714	98.0	0.0	0.0	1479.782	0.0	0.148	20.291	0.0	0.0																			93790.0	85381.0	8409.0		451.0	1.94	1.77	0.17	93.0		4829764.0	7.479	18.3	3.655	2.251	661.24		435.727	6.1			16.603	1.0	53.28	0.397	
TCD	Africa	Chad	2021-07-24	4969.0	2.0	0.714	174.0	0.0	0.0	302.511	0.122	0.043	10.593	0.0	0.0																													16425859.0	11.833	16.7	2.486	1.446	1768.153	38.4	280.995	6.1			5.818		54.24	0.398	
CHL	South America	Chile	2021-07-24	1607749.0	1391.0	1324.0	34958.0	83.0	79.286	84103.966	72.765	69.261	1828.71	4.342	4.148																													19116209.0	24.282	35.4	11.087	6.938	22767.037	1.3	127.993	8.46	34.2	41.5		2.11	80.18	0.851	
CHN	Asia	China	2021-07-24	92587.0	69.0	40.857	4636.0	0.0	0.0	64.327	0.048	0.028	3.221	0.0	0.0																			1538707000.0			13810000.0	13040000.0	106.9			9060.0		1439323774.0	147.674	38.7	10.641	5.929	15308.712	0.7	261.899	9.74	1.9	48.4		4.34	76.91	0.761	
COL	South America	Colombia	2021-07-24	4716798.0	11064.0	13648.286	118538.0	350.0	386.714	92699.109	217.441	268.229	2329.624	6.879	7.6																													50882884.0	44.223	32.2	7.646	4.312	13254.949	4.5	124.24	7.44	4.7	13.5	65.386	1.71	77.29	0.767	
COM	Africa	Comoros	2021-07-24	4014.0	0.0	0.714	147.0	0.0	0.0	4615.942	0.0	0.821	169.044	0.0	0.0																			125960.0	84740.0	41220.0		1846.0	14.48	9.74	4.74	2123.0		869595.0	437.352	20.4	2.963	1.726	1413.89	18.1	261.516	11.88	4.4	23.6	15.574	2.2	64.32	0.554	
COG	Africa	Congo	2021-07-24	13117.0	0.0	26.286	176.0	0.0	0.571	2377.09	0.0	4.764	31.895	0.0	0.104																													5518092.0	15.405	19.0	3.402	2.063	4881.406	37.0	344.094	7.2	1.7	52.3	47.964		64.57	0.574	
CRI	North America	Costa Rica	2021-07-24	398608.0	1139.0	1258.571	4941.0	8.0	9.571	78248.74	223.591	247.064	969.943	1.57	1.879																													5094114.0	96.079	33.6	9.468	5.694	15524.995	1.3	137.973	8.78	6.4	17.4	83.841	1.13	80.28	0.81	
CIV	Africa	Cote d'Ivoire	2021-07-24	49554.0	168.0	61.286	324.0	0.0	0.571	1878.591	6.369	2.323	12.283	0.0	0.022																												20.37	26378275.0	76.399	18.7	2.933	1.582	3601.006	28.2	303.74	2.42			19.351		57.78	0.538	
HRV	Europe	Croatia	2021-07-24	362496.0	191.0	144.0	8245.0	0.0	1.286	88300.204	46.526	35.077	2008.395	0.0	0.313																													4105268.0	73.726	44.0	19.724	13.053	22669.797	0.7	253.782	5.59	34.3	39.9		5.54	78.49	0.851	
CUB	North America	Cuba	2021-07-24	324115.0	7732.0	6929.571	2271.0	68.0	61.143	28615.343	682.64	611.795	200.501	6.004	5.398																													11326616.0	110.408	43.1	14.738	9.719			190.968	8.27	17.1	53.3	85.198	5.2	78.8	0.783	
CUW	North America	Curacao	2021-07-24																															173470.0	92072.0	81398.0	460.0	237.0	105.71	56.11	49.6	1444.0		164100.0	362.644	41.7	16.367	10.068				11.62					78.88		
CYP	Europe	Cyprus	2021-07-24	96991.0	1684.0	950.429	399.0	1.0	2.143	109223.484	1896.386	1070.296	449.322	1.126	2.413																													888005.0	127.657	37.3	13.416	8.563	32415.132		141.171	9.24	19.6	52.7		3.4	80.98	0.887	
CZE	Europe	Czechia	2021-07-24	1672340.0	200.0	216.714	30357.0	10.0	3.0	156162.369	18.676	20.237	2834.723	0.934	0.28																			9968164.0	5513092.0	4574457.0	32464.0	67236.0	93.08	51.48	42.72	6278.0		10708982.0	137.176	43.3	19.027	11.58	32605.906		227.485	6.82	30.5	38.3		6.63	79.38	0.9	
COD	Africa	Democratic Republic of Congo	2021-07-24	47786.0	382.0	337.143	1021.0	0.0	5.286	533.556	4.265	3.764	11.4	0.0	0.059																			81384.0	78871.0	2513.0		530.0	0.09	0.09	0.0	6.0		89561404.0	35.879	17.0	3.02	1.745	808.133	77.1	318.949	6.1			4.472		60.68	0.48	
DNK	Europe	Denmark	2021-07-24	311935.0	765.0	783.286	2543.0	0.0	0.0	53854.293	132.074	135.231	439.038	0.0	0.0																													5792203.0	136.52	42.3	19.677	12.325	46682.515	0.2	114.767	6.41	19.3	18.8		2.5	80.9	0.94	
DJI	Africa	Djibouti	2021-07-24	11634.0	0.0	1.714	155.0	0.0	0.0	11775.28	0.0	1.735	156.882	0.0	0.0																													988002.0	41.285	25.4	4.213	2.38	2705.406	22.5	258.037	6.05	1.7	24.5		1.4	67.11	0.524	
DMA	North America	Dominica	2021-07-24	209.0	0.0	0.429			0.0	2903.141	0.0	5.953			0.0																													71991.0	98.567				9673.367		227.376	11.62				3.8	75.0	0.742	
DOM	North America	Dominican Republic	2021-07-24	339669.0	767.0	360.286	3937.0	6.0	3.143	31311.947	70.705	33.212	362.927	0.553	0.29																													10847904.0	222.873	27.6	6.981	4.419	14600.861	1.6	266.653	8.2	8.5	19.1	55.182	1.6	74.08	0.756	
ECU	South America	Ecuador	2021-07-24	480720.0	936.0	786.429	30797.0	20.0	11.143	27246.974	53.052	44.574	1745.559	1.134	0.632																													17643060.0	66.939	28.1	7.104	4.458	10581.936	3.6	140.448	5.55	2.0	12.3	80.635	1.5	77.01	0.759	
EGY	Africa	Egypt	2021-07-24	283985.0	79.0	49.857	16481.0	11.0	6.0	2775.069	0.772	0.487	161.05	0.107	0.059																													102334403.0	97.999	25.3	5.159	2.891	10550.206	1.3	525.432	17.31	0.2	50.1	89.827	1.6	71.99	0.707	
SLV	North America	El Salvador	2021-07-24	84691.0	547.0	262.714	2547.0	9.0	9.0	13057.104	84.333	40.504	392.68	1.388	1.388																													6486201.0	307.811	27.6	8.273	5.417	7292.458	2.2	167.295	8.87	2.5	18.8	90.65	1.3	73.32	0.673	
GNQ	Africa	Equatorial Guinea	2021-07-24	8863.0	0.0	5.0	123.0	0.0	0.0	6317.245	0.0	3.564	87.67	0.0	0.0																													1402985.0	45.194	22.4	2.846	1.752	22604.873		202.812	7.78			24.64	2.1	58.74	0.592	
ERI	Africa	Eritrea	2021-07-24	6495.0	4.0	13.286	33.0	0.0	0.429	1831.421	1.128	3.746	9.305	0.0	0.121																													3546427.0	44.304	19.3	3.607	2.171	1510.459		311.11	6.05	0.2	11.4		0.7	66.32	0.459	
EST	Europe	Estonia	2021-07-24	132368.0	106.0	80.143	1271.0	0.0	0.0	99784.477	79.907	60.415	958.132	0.0	0.0																													1326539.0	31.033	42.7	19.452	13.491	29481.252	0.5	255.569	4.02	24.5	39.3		4.69	78.74	0.892	
SWZ	Africa	Eswatini	2021-07-24	22687.0	807.0	232.143	747.0	12.0	6.286	19554.994	695.591	200.095	643.874	10.343	5.418																													1160164.0	79.492	21.5	3.163	1.845	7738.975		333.436	3.94	1.7	16.5	24.097	2.1	60.19	0.611	
ETH	Africa	Ethiopia	2021-07-24	278446.0	213.0	118.714	4367.0	2.0	1.857	2422.037	1.853	1.033	37.986	0.017	0.016																													114963583.0	104.957	19.8	3.526	2.063	1729.927	26.7	182.634	7.47	0.4	8.5	7.96	0.3	66.6	0.485	
FJI	Oceania	Fiji	2021-07-24	22513.0	684.0	863.143	177.0	5.0	13.143	25113.671	763.015	962.852	197.447	5.578	14.661																													896444.0	49.562	28.6	6.224	3.284	8702.975	1.4	412.82	14.49	10.2	34.8		2.3	67.44	0.743	
FIN	Europe	Finland	2021-07-24	102612.0	570.0	376.571	980.0	1.0	0.143	18519.621	102.875	67.964	176.872	0.18	0.026																			5343225.0	3624110.0	1719115.0		39576.0	96.44	65.41	31.03	7143.0		5540718.0	18.136	42.8	21.228	13.264	40585.721		153.507	5.76	18.3	22.6		3.28	81.91	0.938	
FRA	Europe	France	2021-07-24	6041146.0	25677.0	17678.429	111800.0	22.0	20.429	89413.35	380.038	261.654	1654.721	0.326	0.302																													67564251.0	122.578	42.0	19.718	13.079	38605.671		86.06	4.77	30.1	35.6		5.98	82.66	0.901	
GAB	Africa	Gabon	2021-07-24	25325.0	16.0	9.286	163.0	0.0	0.143	11378.3	7.189	4.172	73.234	0.0	0.064																			87181.0	52830.0	34351.0		1084.0	3.92	2.37	1.54	487.0		2225728.0	7.859	23.1	4.45	2.976	16562.413	3.4	259.967	7.2				6.3	66.47	0.703	
GMB	Africa	Gambia	2021-07-24	7333.0	172.0	103.286	208.0	11.0	2.857	3034.348	71.172	42.739	86.069	4.552	1.182																													2416664.0	207.566	17.5	2.339	1.417	1561.767	10.1	331.43	1.91	0.7	31.2	7.876	1.1	62.05	0.496	
GEO	Asia	Georgia	2021-07-24	400698.0	2617.0	2071.857	5665.0	9.0	18.143	100446.333	656.025	519.37	1420.093	2.256	4.548																													3989175.0	65.032	38.7	14.864	10.244	9745.079	4.2	496.218	7.11	5.3	55.5		2.6	73.77	0.812	
DEU	Europe	Germany	2021-07-24	3761869.0	1578.0	1516.571	91531.0	17.0	23.143	44899.64	18.834	18.101	1092.465	0.203	0.276																													83783945.0	237.016	46.6	21.453	15.957	45229.245		156.139	8.31	28.2	33.1		8.0	81.33	0.947	
GHA	Africa	Ghana	2021-07-24	100747.0	497.0	330.286	819.0	0.0	1.286	3242.274	15.995	10.629	26.357	0.0	0.041																													31072945.0	126.719	21.1	3.385	1.948	4227.63	12.0	298.245	4.97	0.3	7.7	41.047	0.9	64.07	0.611	
GRC	Europe	Greece	2021-07-24	474366.0	2472.0	2658.857	12866.0	8.0	7.143	45511.221	237.167	255.094	1234.379	0.768	0.685																			10160738.0	5598628.0	4881022.0	67543.0	63272.0	97.48	53.71	46.83	6070.0		10423056.0	83.479	45.3	20.396	14.524	24574.382	1.5	175.695	4.55	35.3	52.0		4.21	82.24	0.888	
GRD	North America	Grenada	2021-07-24	164.0	0.0	0.429	1.0	0.0	0.0	1457.532	0.0	3.809	8.887	0.0	0.0																													112519.0	317.132	29.4	7.304	5.021	13593.877		243.964	10.71				3.7	72.4	0.779	
GTM	North America	Guatemala	2021-07-24	350816.0	6595.0	2527.143	10093.0	64.0	27.857	19581.63	368.116	141.058	563.365	3.572	1.555																													17915567.0	157.834	22.9	4.694	3.016	7423.808	8.7	155.898	10.18			76.665	0.6	74.3	0.663	
GIN	Africa	Guinea	2021-07-24	24993.0	170.0	69.143	198.0	3.0	1.714	1903.099	12.945	5.265	15.077	0.228	0.131																													13132792.0	51.755	19.0	3.135	1.733	1998.926	35.3	336.717	2.42			17.45	0.3	61.6	0.477	
GNB	Africa	Guinea-Bissau	2021-07-24	4208.0	60.0	23.429	74.0	0.0	0.286	2138.214	30.488	11.905	37.602	0.0	0.145																													1967998.0	66.191	19.4	3.002	1.565	1548.675	67.1	382.474	2.42			6.403		58.32	0.48	
GUY	South America	Guyana	2021-07-24	22090.0	357.0	88.429	523.0	8.0	2.0	28084.352	453.876	112.425	664.922	10.171	2.543																													786559.0	3.952	26.3	5.305	2.837	7435.047		373.159	11.62			77.159	1.6	69.91	0.682	
HTI	North America	Haiti	2021-07-24	19762.0	0.0	55.429	523.0	0.0	5.143	1733.124	0.0	4.861	45.867	0.0	0.451																													11402533.0	398.448	24.3	4.8	2.954	1653.173	23.5	430.548	6.65	2.9	23.1	22.863	0.7	64.0	0.51	
HND	North America	Honduras	2021-07-24	286635.0	1260.0	1237.286	7594.0	36.0	29.0	28939.56	127.214	124.92	766.714	3.635	2.928																													9904608.0	82.805	24.9	4.652	2.883	4541.795	16.0	240.208	7.21	2.0		84.169	0.7	75.27	0.634	
HKG	Asia	Hong Kong	2021-07-24	11975.0	2.0	2.714	212.0	0.0	0.0	1597.308	0.267	0.362	28.278	0.0	0.0																			5213984.0	3006723.0	2207261.0	64443.0	63213.0	69.55	40.11	29.44	8432.0		7496988.0	7039.714	44.8	16.303	10.158	56054.92			8.33					84.86	0.949	
HUN	Europe	Hungary	2021-07-24	809101.0	0.0	53.714	30020.0	0.0	0.714	83754.833	0.0	5.56	3107.548	0.0	0.074																													9660350.0	108.043	43.4	18.577	11.976	26777.561	0.5	278.296	7.55	26.8	34.8		7.02	76.88	0.854	
ISL	Europe	Iceland	2021-07-24	7148.0	94.0	61.429	30.0	0.0	0.0	20946.52	275.458	180.01	87.912	0.0	0.0																													341250.0	3.404	37.3	14.431	9.207	46482.958	0.2	117.992	5.31	14.3	15.2		2.91	82.99	0.949	
IND	Asia	India	2021-07-24	31371901.0	78839.0	37976.571	420551.0	1081.0	991.714	22733.189	57.13	27.519	304.746	0.783	0.719																			433150864.0	340387695.0	92763169.0	5268603.0	4031307.0	31.39	24.67	6.72	2921.0		1380004385.0	450.419	28.2	5.989	3.414	6426.674	21.2	282.28	10.39	1.9	20.6	59.55	0.53	69.66	0.645	
IDN	Asia	Indonesia	2021-07-24	3127826.0	45416.0	42153.0	82013.0	1415.0	1360.571	11435.305	166.041	154.111	299.839	5.173	4.974																			61583922.0	44107926.0	17475996.0	397926.0	585349.0	22.52	16.13	6.39	2140.0		273523621.0	145.725	29.3	5.319	3.053	11188.744	5.7	342.864	6.32	2.8	76.1	64.204	1.04	71.72	0.718	
IRN	Asia	Iran	2021-07-24	3664286.0	18632.0	23315.286	88532.0	259.0	223.714	43626.112	221.828	277.586	1054.041	3.084	2.663																													83992953.0	49.831	32.4	5.44	3.182	19082.62	0.2	270.308	9.59	0.8	21.1		1.5	76.68	0.783	
IRQ	Asia	Iraq	2021-07-24	1543501.0	7653.0	8641.0	18232.0	65.0	63.286	38374.066	190.267	214.83	453.279	1.616	1.573																													40222503.0	88.125	20.0	3.186	1.957	15663.986	2.5	218.612	8.83			94.576	1.4	70.6	0.674	
IRL	Europe	Ireland	2021-07-24	291870.0	1345.0	1219.857	5026.0	0.0	1.143	59109.368	272.389	247.045	1017.863	0.0	0.231																													4937796.0	69.874	38.7	13.928	8.678	67335.293	0.2	126.459	3.28	23.0	25.7		2.96	82.3	0.955	
ISR	Asia	Israel	2021-07-24	859398.0	1421.0	1204.286	6458.0	1.0	1.714	99288.768	164.172	139.135	746.112	0.116	0.198																			11050142.0	5757553.0	5292589.0	1957.0	11659.0	127.67	66.52	61.15	1347.0		8655541.0	402.606	30.6	11.733	7.359	33132.32	0.5	93.32	6.74	15.4	35.4		2.99	82.97	0.919	
ITA	Europe	Italy	2021-07-24	4312673.0	5138.0	4048.714	127942.0	5.0	11.143	71328.856	84.979	66.963	2116.079	0.083	0.184																			64933226.0	37315426.0	28934137.0	440836.0	536936.0	107.4	61.72	47.86	8881.0		60461828.0	205.859	47.9	23.021	16.24	35220.084	2.0	113.151	4.78	19.8	27.8		3.18	83.51	0.892	
JAM	North America	Jamaica	2021-07-24	51686.0	0.0	90.571	1168.0	0.0	2.143	17454.64	0.0	30.586	394.44	0.0	0.724																													2961161.0	266.879	31.4	9.684	6.39	8193.571		206.537	11.28	5.3	28.6	66.425	1.7	74.47	0.734	
JPN	Asia	Japan	2021-07-24	866325.0	3740.0	3910.286	15068.0	9.0	11.143	6849.694	29.571	30.917	119.137	0.071	0.088																													126476458.0	347.778	48.2	27.049	18.493	39002.223		79.37	5.72	11.2	33.7		13.05	84.63	0.919	
JOR	Asia	Jordan	2021-07-24	763922.0	485.0	481.714	9948.0	15.0	8.714	74871.265	47.534	47.212	974.994	1.47	0.854																			4748953.0	2757973.0	1990980.0		24942.0	46.54	27.03	19.51	2445.0		10203140.0	109.285	23.2	3.81	2.361	8337.49	0.1	208.257	11.75				1.4	74.53	0.729	
KAZ	Asia	Kazakhstan	2021-07-24	582013.0	6746.0	4946.714	5244.0	0.0	47.857	30996.543	359.275	263.45	279.282	0.0	2.549																			8268903.0	5098010.0	3170893.0	138026.0	100220.0	44.04	27.15	16.89	5337.0		18776707.0	6.681	30.6	6.991	4.625	24055.588	0.1	466.792	7.11	7.0	43.1	98.999	6.7	73.6	0.825	
KEN	Africa	Kenya	2021-07-24	196745.0	847.0	615.714	3849.0	11.0	12.714	3658.922	15.752	11.451	71.581	0.205	0.236																													53771300.0	87.324	20.0	2.686	1.528	2993.028	36.8	218.637	2.92	1.2	20.4	24.651	1.4	66.7	0.601	
KIR	Oceania	Kiribati	2021-07-24	2.0	0.0	0.0			0.0	16.744	0.0	0.0			0.0																													119446.0	143.701	23.2	3.895	2.21	1981.132		434.657	22.66	35.9	58.9		1.9	68.37	0.63	
KWT	Asia	Kuwait	2021-07-24	391781.0	1913.0	1029.714	2279.0	15.0	9.714	91739.895	447.95	241.119	533.653	3.512	2.275																													4270563.0	232.128	33.7	2.345	1.114	65530.537		132.235	15.84	2.7	37.0		2.0	75.49	0.806	
KGZ	Asia	Kyrgyzstan	2021-07-24	156152.0	1147.0	1213.714	2238.0	11.0	10.429	23934.308	175.807	186.033	343.031	1.686	1.598																													6524191.0	32.333	26.3	4.489	2.882	3393.474	1.4	436.362	7.11	3.6	50.5	89.22	4.5	71.45	0.697	
LAO	Asia	Laos	2021-07-24	4620.0	278.0	189.286	5.0	0.0	0.143	635.003	38.21	26.017	0.687	0.0	0.02																													7275556.0	29.715	24.4	4.029	2.322	6397.36	22.7	368.111	4.0	7.3	51.2	49.839	1.5	67.92	0.613	
LVA	Europe	Latvia	2021-07-24	138425.0	43.0	42.714	2550.0	0.0	1.0	73388.216	22.797	22.646	1351.923	0.0	0.53																													1886202.0	31.212	43.9	19.754	14.136	25063.846	0.7	350.06	4.91	25.6	51.0		5.57	75.29	0.866	
LBN	Asia	Lebanon	2021-07-24	554458.0	1587.0	566.571	7891.0	2.0	1.0	81234.007	232.512	83.009	1156.116	0.293	0.147																			1786506.0	1072498.0	714008.0	4139.0	12352.0	26.17	15.71	10.46	1810.0		6825442.0	594.561	31.1	8.514	5.43	13367.565		266.591	12.71	26.9	40.7		2.9	78.93	0.744	
LSO	Africa	Lesotho	2021-07-24	12787.0	108.0	55.571	357.0	0.0	2.571	5968.952	50.414	25.941	166.647	0.0	1.2																												63.89	2142252.0	73.562	22.2	4.506	2.647	2851.153	59.6	405.126	3.94	0.4	53.9	2.117		54.33	0.527	
LBR	Africa	Liberia	2021-07-24	5396.0	0.0	11.571	148.0	0.0	0.0	1066.893	0.0	2.288	29.262	0.0	0.0																													5057677.0	49.127	19.2	3.057	1.756	752.788	38.6	272.509	2.42	1.5	18.1	1.188	0.8	64.1	0.48	
LBY	Africa	Libya	2021-07-24	229604.0	0.0	1738.571	3344.0	0.0	13.0	33414.992	0.0	253.02	486.663	0.0	1.892																													6871287.0	3.623	29.0	4.424	2.816	17881.509		341.862	10.43				3.7	72.91	0.724	
LIE	Europe	Liechtenstein	2021-07-24	3075.0	2.0	2.0	59.0	0.0	0.0	80630.359	52.443	52.443	1547.054	0.0	0.0																													38137.0	237.012							7.77				2.397	82.49	0.919	
LTU	Europe	Lithuania	2021-07-24	280774.0	233.0	158.857	4410.0	1.0	0.857	103138.864	85.59	58.354	1619.959	0.367	0.315																			2559642.0	1351303.0	1208339.0	4410.0	11511.0	94.03	49.64	44.39	4228.0		2722291.0	45.135	43.5	19.002	13.778	29524.265	0.7	342.989	3.67	21.3	38.0		6.56	75.93	0.882	
LUX	Europe	Luxembourg	2021-07-24	73412.0	0.0	93.286	821.0	0.0	0.143	117276.062	0.0	149.024	1311.552	0.0	0.228																													625976.0	231.447	39.7	14.312	9.842	94277.965	0.2	128.275	4.42	20.9	26.0		4.51	82.25	0.916	
MAC	Asia	Macao	2021-07-24																															480435.0	275721.0	206413.0	5372.0	4788.0	73.99	42.46	31.79	7374.0		649342.0	20546.766	39.2	9.798	4.991	104861.851								84.24		
MDG	Africa	Madagascar	2021-07-24	42590.0	9.0	10.0	939.0	0.0	0.429	1538.044	0.325	0.361	33.91	0.0	0.015																													27691019.0	43.951	19.6	2.929	1.686	1416.44	77.6	405.994	3.94			50.54	0.2	67.04	0.528	
MWI	Africa	Malawi	2021-07-24	48066.0	801.0	717.571	1458.0	19.0	19.0	2512.604	41.872	37.51	76.216	0.993	0.993																													19129955.0	197.519	18.1	2.979	1.783	1095.042	71.4	227.349	3.94	4.4	24.7	8.704	1.3	64.26	0.483	
MYS	Asia	Malaysia	2021-07-24	996393.0	15902.0	12934.571	7902.0	184.0	148.0	30785.178	491.318	399.635	244.145	5.685	4.573																			16904896.0	11507070.0	5397826.0	417738.0	414653.0	52.23	35.55	16.68	12811.0		32365998.0	96.254	29.9	6.293	3.407	26808.164	0.1	260.942	16.74	1.0	42.4		1.9	76.16	0.81	
MDV	Asia	Maldives	2021-07-24	76627.0	81.0	115.857	219.0	1.0	0.429	141759.567	149.85	214.335	405.149	1.85	0.793																													540542.0	1454.433	30.6	4.12	2.875	15183.616		164.905	9.19	2.1	55.0	95.803		78.92	0.74	
MLI	Africa	Mali	2021-07-24	14540.0	8.0	4.429	530.0	0.0	0.0	717.995	0.395	0.219	26.172	0.0	0.0																													20250834.0	15.196	16.4	2.519	1.486	2014.306		268.024	2.42	1.6	23.0	52.232	0.1	59.31	0.434	
MLT	Europe	Malta	2021-07-24	33541.0	171.0	180.857	421.0	1.0	0.143	75963.845	387.282	409.606	953.483	2.265	0.324																													441539.0	1454.037	42.4	19.426	11.324	36513.323	0.2	168.711	8.83	20.9	30.2		4.485	82.53	0.895	
MHL	Oceania	Marshall Islands	2021-07-24	4.0	0.0	0.0			0.0	67.574	0.0	0.0			0.0																													59194.0	295.15				3819.202		557.793	30.53			82.502	2.7	73.7	0.704	
MRT	Africa	Mauritania	2021-07-24	23555.0	332.0	149.571	528.0	11.0	2.857	5065.962	71.403	32.168	113.557	2.366	0.614																			190950.0	176294.0	14656.0		727.0	4.11	3.79	0.32	156.0		4649660.0	4.289	20.3	3.138	1.792	3597.633	6.0	232.347	2.42			15.95		64.92	0.546	
MUS	Africa	Mauritius	2021-07-24	3388.0	0.0	146.286	19.0	0.0	0.143	2664.01	0.0	115.026	14.94	0.0	0.112																			1095494.0	613134.0	482360.0		13487.0	86.14	48.21	37.93	10605.0		1271767.0	622.962	37.4	10.945	5.884	20292.745	0.5	224.644	22.02	3.2	40.7		3.4	74.99	0.804	
MEX	North America	Mexico	2021-07-24	2741983.0	32244.0	12469.143	238316.0	690.0	296.571	21266.768	250.084	96.71	1848.374	5.352	2.3																													128932753.0	66.444	29.3	6.857	4.321	17336.469	2.5	152.783	13.06	6.9	21.4	87.847	1.38	75.05	0.779	
FSM	Oceania	Micronesia (country)	2021-07-24	1.0	0.0	0.0			0.0	8.694	0.0	0.0			0.0																													115021.0	150.777	23.0	4.81	2.392	3299.464	16.0	454.343	12.02					67.88	0.62	
MDA	Europe	Moldova	2021-07-24	258581.0	97.0	96.857	6242.0	2.0	2.571	64100.985	24.046	24.01	1547.362	0.496	0.637																			951807.0	514771.0	437036.0		12830.0	23.59	12.76	10.83	3180.0		4033963.0	123.655	37.6	10.864	6.955	5189.972	0.2	408.502	5.72	5.9	44.6	86.979	5.8	71.9	0.75	
MCO	Europe	Monaco	2021-07-24	2779.0	22.0	14.143	33.0	0.0	0.0	70813.373	560.595	360.383	840.893	0.0	0.0																													39244.0	19347.5							5.46				13.8	86.75		
MNG	Asia	Mongolia	2021-07-24	155224.0	1442.0	1138.714	767.0	6.0	4.714	47349.046	439.863	347.35	233.963	1.83	1.438																													3278292.0	1.98	28.6	4.031	2.421	11840.846	0.5	460.043	4.82	5.5	46.5	71.18	7.0	69.87	0.737	
MNE	Europe	Montenegro	2021-07-24	101061.0	196.0	62.714	1624.0	0.0	0.143	160909.273	312.071	99.854	2585.732	0.0	0.227																			315653.0	167235.0	148418.0	1799.0	1216.0	50.26	26.63	23.63	1936.0		628062.0	46.28	39.1	14.762	9.395	16409.288	1.0	387.305	10.08	44.0	47.9		3.861	76.88	0.829	
MAR	Africa	Morocco	2021-07-24	575162.0	5494.0	2810.571	9559.0	23.0	17.857	15582.588	148.846	76.145	258.977	0.623	0.484																			21522436.0	11728171.0	9794265.0		98410.0	58.31	31.77	26.54	2666.0		36910558.0	80.08	29.6	6.769	4.209	7485.013	1.0	419.146	7.14	0.8	47.1		1.1	76.68	0.686	
MOZ	Africa	Mozambique	2021-07-24	108760.0	2894.0	1515.429	1257.0	36.0	22.571	3479.715	92.592	48.485	40.217	1.152	0.722																			671599.0	372085.0	299514.0		3367.0	2.15	1.19	0.96	108.0		31255435.0	37.728	17.7	3.158	1.87	1136.103	62.9	329.942	3.3	5.1	29.1	12.227	0.7	60.85	0.456	
MMR	Asia	Myanmar	2021-07-24	264527.0	5657.0	5755.857	6756.0	297.0	283.857	4861.753	103.97	105.787	124.169	5.459	5.217																													54409794.0	81.721	29.1	5.732	3.12	5591.597	6.4	202.104	4.61	6.3	35.2	79.287	0.9	67.13	0.583	
NAM	Africa	Namibia	2021-07-24	115793.0	784.0	625.143	2760.0	46.0	41.857	45571.361	308.55	246.031	1086.222	18.104	16.473																													2540916.0	3.078	22.0	3.552	2.085	9541.808	13.4	243.811	3.94	9.7	34.2	44.6		63.71	0.646	
NPL	Asia	Nepal	2021-07-24	679017.0	2309.0	1875.857	9695.0	16.0	24.0	23304.44	79.247	64.381	332.741	0.549	0.824																			4743274.0	3377228.0	1366046.0	81311.0	100508.0	16.28	11.59	4.69	3450.0		29136808.0	204.43	25.0	5.809	3.212	2442.804	15.0	260.797	7.26	9.5	37.8	47.782	0.3	70.78	0.602	
NLD	Europe	Netherlands	2021-07-24	1867907.0	5390.0	7316.857	18082.0	4.0	3.143	109012.013	314.563	427.016	1055.275	0.233	0.183																			19294110.0	11751723.0	8298549.0		86074.0	112.6	68.58	48.43	5023.0		17134873.0	508.544	43.2	18.779	11.881	48472.545		109.361	5.29	24.4	27.3		3.32	82.28	0.944	
NZL	Oceania	New Zealand	2021-07-24	2863.0	7.0	6.857	26.0	0.0	0.0	593.708	1.452	1.422	5.392	0.0	0.0																													4822233.0	18.206	37.9	15.322	9.72	36085.843		128.797	8.08	14.8	17.2		2.61	82.29	0.931	
NIC	North America	Nicaragua	2021-07-24	9108.0	0.0	48.714	194.0	0.0	0.143	1374.885	0.0	7.354	29.285	0.0	0.022																													6624554.0	51.667	27.3	5.445	3.519	5321.444	3.2	137.016	11.47				0.9	74.48	0.66	
NER	Africa	Niger	2021-07-24	5598.0	4.0	3.571	195.0	0.0	0.143	231.259	0.165	0.148	8.056	0.0	0.006																													24206636.0	16.955	15.1	2.553	1.378	926.0	44.5	238.339	2.42	0.1	15.4	8.978	0.3	62.42	0.394	
NGA	Africa	Nigeria	2021-07-24	170895.0	589.0	223.714	2132.0	2.0	0.857	829.026	2.857	1.085	10.343	0.01	0.004																													206139587.0	209.588	18.1	2.751	1.447	5338.454		181.013	2.42	0.6	10.8	41.949		54.69	0.539	
MKD	Europe	North Macedonia	2021-07-24	156054.0	37.0	21.857	5489.0	0.0	0.286	74904.242	17.76	10.491	2634.661	0.0	0.137																													2083380.0	82.6	39.1	13.26	8.16	13111.214	5.0	322.688	10.08				4.28	75.8	0.774	
NOR	Europe	Norway	2021-07-24	135631.0	396.0	200.143	799.0	0.0	0.429	25018.437	73.046	36.918	147.383	0.0	0.079																													5421242.0	14.462	39.7	16.821	10.813	64800.057	0.2	114.316	5.31	19.6	20.7		3.6	82.4	0.957	
OMN	Asia	Oman	2021-07-24	289042.0	0.0	0.0	3498.0	0.0	0.0	56601.409	0.0	0.0	684.993	0.0	0.0																													5106622.0	14.98	30.7	2.355	1.53	37960.709		266.342	12.61	0.5	15.6	97.4	1.6	77.86	0.813	
PAK	Asia	Pakistan	2021-07-24	1004694.0	4660.0	2202.714	23016.0	77.0	33.571	4548.343	21.096	9.972	104.196	0.349	0.152																													220892331.0	255.573	23.5	4.495	2.78	5034.708	4.0	423.031	8.35	2.8	36.7	59.607	0.6	67.27	0.557	
PSE	Asia	Palestine	2021-07-24	315968.0	0.0	46.714	3596.0	0.0	1.286	61937.313	0.0	9.157	704.902	0.0	0.252																													5101416.0	778.202	20.4	3.043	1.726	4449.898	1.0	265.91	10.59					74.05	0.708	
PAN	North America	Panama	2021-07-24	429083.0	2234.0	1018.0	6750.0	20.0	7.571	99445.208	517.757	235.934	1564.395	4.635	1.755																			2168541.0	1485279.0	683262.0	101944.0	44992.0	50.26	34.42	15.84	10427.0		4314768.0	55.133	29.7	7.918	5.03	22267.037	2.2	128.346	8.33	2.4	9.9		2.3	78.51	0.815	
PNG	Oceania	Papua New Guinea	2021-07-24	17637.0	56.0	42.429	192.0	0.0	1.857	1971.269	6.259	4.742	21.46	0.0	0.208																													8947027.0	18.22	22.6	3.808	2.142	3823.194		561.494	17.65	23.5	48.8			64.5	0.555	
PRY	South America	Paraguay	2021-07-24	448918.0	1054.0	641.571	14593.0	92.0	51.857	62939.518	147.774	89.95	2045.978	12.899	7.271																													7132530.0	17.144	26.5	6.378	3.833	8827.01	1.7	199.128	8.27	5.0	21.6	79.602	1.3	74.25	0.728	
PER	South America	Peru	2021-07-24	2094445.0	0.0	331.429	195243.0	0.0	28.0	63522.224	0.0	10.052	5921.506	0.0	0.849																													32971846.0	25.129	29.1	7.151	4.455	12236.706	3.5	85.755	5.95	4.8			1.6	76.74	0.777	
PHL	Asia	Philippines	2021-07-24	1543281.0	6184.0	5846.0	27131.0	240.0	76.143	14083.462	56.433	53.349	247.588	2.19	0.695																													109581085.0	351.873	25.2	4.803	2.661	7599.188		370.437	7.07	7.8	40.8	78.463	1.0	71.23	0.718	
POL	Europe	Poland	2021-07-24	2882066.0	118.0	101.571	75241.0	6.0	4.143	76151.243	3.118	2.684	1988.052	0.159	0.109																													37846605.0	124.027	41.8	16.763	10.202	27216.445		227.331	5.91	23.3	33.1		6.62	78.73	0.88	
PRT	Europe	Portugal	2021-07-24	950434.0	3396.0	3287.143	17284.0	20.0	12.143	93209.896	333.049	322.373	1695.057	1.961	1.191																			11498090.0	6793814.0	5148163.0	102666.0	98096.0	112.76	66.63	50.49	9620.0		10196707.0	112.371	46.2	21.502	14.924	27936.896	0.5	127.842	9.85	16.3	30.0		3.39	82.05	0.864	
QAT	Asia	Qatar	2021-07-24	225072.0	124.0	130.286	600.0	0.0	0.143	78121.247	43.04	45.221	208.257	0.0	0.05																			3642002.0	1967377.0	1674625.0	5730.0	19852.0	126.41	68.29	58.13	6891.0		2881060.0	227.322	31.9	1.307	0.617	116935.6		176.69	16.52	0.8	26.9		1.2	80.23	0.848	
ROU	Europe	Romania	2021-07-24	1082183.0	126.0	85.0	34267.0	1.0	2.143	56253.295	6.55	4.418	1781.244	0.052	0.111																													19237682.0	85.129	43.0	17.85	11.69	23313.199	5.7	370.946	9.74	22.9	37.1		6.892	76.05	0.828	
RUS	Europe	Russia	2021-07-24	6025698.0	23395.0	23655.0	150583.0	787.0	765.857	41290.44	160.312	162.093	1031.854	5.393	5.248																			57313547.0	34561624.0	22751923.0	194545.0	691751.0	39.27	23.68	15.59	4740.0		145934460.0	8.823	39.6	14.178	9.393	24765.954	0.1	431.297	6.18	23.4	58.3		8.05	72.58	0.824	
RWA	Africa	Rwanda	2021-07-24	62328.0	953.0	1111.286	727.0	23.0	12.714	4812.152	73.578	85.799	56.129	1.776	0.982																													12952209.0	494.869	20.3	2.974	1.642	1854.211	56.0	191.375	4.28	4.7	21.0	4.617		69.02	0.543	
KNA	North America	Saint Kitts and Nevis	2021-07-24	564.0	4.0	2.0	3.0	0.0	0.0	10603.098	75.199	37.6	56.399	0.0	0.0																													53192.0	212.865				24654.385			12.84				2.3	76.23	0.779	
LCA	North America	Saint Lucia	2021-07-24	5516.0	0.0	6.571	88.0	0.0	0.143	30038.828	0.0	35.786	479.227	0.0	0.778																													183629.0	293.187	34.9	9.721	6.405	12951.839		204.62	11.62			87.202	1.3	76.2	0.759	
VCT	North America	Saint Vincent and the Grenadines	2021-07-24	2271.0	0.0	1.571	12.0	0.0	0.0	20469.233	0.0	14.164	108.16	0.0	0.0																													110947.0	281.787	31.8	7.724	4.832	10727.146		252.675	11.62				2.6	72.53	0.738	
WSM	Oceania	Samoa	2021-07-24	3.0	0.0	0.0			0.0	15.12	0.0	0.0			0.0																													198410.0	69.413	22.0	5.606	3.564	6021.557		348.977	9.21	16.7	38.1			73.32	0.715	
SMR	Europe	San Marino	2021-07-24	5099.0	0.0	0.714	90.0	0.0	0.0	150244.564	0.0	21.047	2651.895	0.0	0.0																													33938.0	556.667				56861.47			5.64				3.8	84.97		
STP	Africa	Sao Tome and Principe	2021-07-24	2424.0	4.0	2.0	37.0	0.0	0.0	11060.362	18.251	9.126	168.826	0.0	0.0																			43942.0	32115.0	11827.0		510.0	20.05	14.65	5.4	2327.0		219161.0	212.841	18.7	2.886	2.162	3052.714	32.3	270.113	2.42			41.34	2.9	70.39	0.625	
SAU	Asia	Saudi Arabia	2021-07-24	513284.0	0.0	837.286	8115.0	0.0	9.571	14743.665	0.0	24.05	233.097	0.0	0.275																			24314234.0	18443264.0	5870970.0	305687.0	293022.0	69.84	52.98	16.86	8417.0	53.7	34813867.0	15.322	31.9	3.295	1.845	49045.411		259.538	17.72	1.8	25.4		2.7	75.13	0.854	
SEN	Africa	Senegal	2021-07-24	56573.0	712.0	885.571	1269.0	5.0	7.857	3378.717	42.523	52.889	75.789	0.299	0.469																			889854.0	625510.0	264344.0		5021.0	5.31	3.74	1.58	300.0		16743930.0	82.328	18.7	3.008	1.796	2470.58	38.0	241.219	2.42	0.4	16.6	20.859		67.94	0.512	
SRB	Europe	Serbia	2021-07-24	719913.0	249.0	206.857	7103.0	5.0	3.286	105798.052	36.593	30.4	1043.853	0.735	0.483																													6804596.0	80.291	41.2	17.366		14048.881		439.415	10.08	37.7	40.2	97.719	5.609	76.0	0.806	
SYC	Africa	Seychelles	2021-07-24	17747.0	0.0	73.286	89.0	0.0	1.143	180465.731	0.0	745.228	905.023	0.0	11.621																													98340.0	208.354	36.2	8.606	5.586	26382.287	1.1	242.648	10.55	7.1	35.7		3.6	73.4	0.796	
SLE	Africa	Sierra Leone	2021-07-24	6218.0	12.0	7.429	118.0	0.0	0.429	779.493	1.504	0.931	14.793	0.0	0.054																													7976985.0	104.7	19.1	2.538	1.285	1390.3	52.2	325.721	2.42	8.8	41.3	19.275		54.7	0.452	
SGP	Asia	Singapore	2021-07-24	64054.0	130.0	153.286	37.0	1.0	0.143	10948.76	22.221	26.201	6.324	0.171	0.024																													5850343.0	7915.731	42.4	12.922	7.049	85535.383		92.243	10.99	5.2	28.3		2.4	83.62	0.938	
SVK	Europe	Slovakia	2021-07-24	392259.0	0.0	32.143	12534.0	0.0	1.429	71847.005	0.0	5.887	2295.755	0.0	0.262																													5459643.0	113.128	41.2	15.07	9.167	30155.152	0.7	287.959	7.29	23.1	37.7		5.82	77.54	0.86	
SVN	Europe	Slovenia	2021-07-24	258619.0	94.0	64.286	4427.0	1.0	0.286	124399.932	45.216	30.922	2129.459	0.481	0.137																			1686017.0	897059.0	788958.0	1416.0	6405.0	81.1	43.15	37.95	3081.0		2078932.0	102.619	44.5	19.062	12.93	31400.84		153.493	7.25	20.1	25.0		4.5	81.32	0.917	
SLB	Oceania	Solomon Islands	2021-07-24	20.0	0.0	0.0			0.0	29.117	0.0	0.0			0.0																													686878.0	21.841	20.8	3.507	2.043	2205.923	25.1	459.78	18.68			35.89	1.4	73.0	0.567	
SOM	Africa	Somalia	2021-07-24	15203.0	23.0	16.857	789.0	8.0	1.143	956.571	1.447	1.061	49.644	0.503	0.072																													15893219.0	23.5	16.8	2.731	1.496			365.769	6.05			9.831	0.9	57.4		
ZAF	Africa	South Africa	2021-07-24	2368105.0	12056.0	12032.143	69488.0	413.0	401.714	39928.466	203.275	202.873	1171.633	6.964	6.773																													59308690.0	46.754	27.3	5.344	3.053	12294.876	18.9	200.38	5.52	8.1	33.2	43.993	2.32	64.13	0.709	
KOR	Asia	South Korea	2021-07-24	188848.0	3115.0	1556.714	2073.0	7.0	2.286	3683.46	60.758	30.364	40.434	0.137	0.045																													51269183.0	527.967	43.4	13.914	8.622	35938.374	0.2	85.998	6.8	6.2	40.9		12.27	83.03	0.916	
SSD	Africa	South Sudan	2021-07-24	10917.0	0.0	0.0	117.0	0.0	0.0	975.278	0.0	0.0	10.452	0.0	0.0																													11193729.0		19.2	3.441	2.032	1569.888		280.775	10.43					57.85	0.433	
ESP	Europe	Spain	2021-07-24	4280429.0	0.0	25743.857	81221.0	0.0	17.857	91550.612	0.0	550.614	1737.17	0.0	0.382																													46754783.0	93.105	45.5	19.436	13.799	34272.36	1.0	99.403	7.17	27.4	31.4		2.97	83.56	0.904	
LKA	Asia	Sri Lanka	2021-07-24	294850.0	2242.0	1619.714	4054.0	52.0	45.857	13769.512	104.702	75.641	189.322	2.428	2.142																			8439469.0	6693072.0	1746397.0	160622.0	198336.0	39.41	31.26	8.16	9262.0		21413250.0	341.955	34.1	10.069	5.331	11669.077	0.7	197.093	10.68	0.3	27.0		3.6	76.98	0.782	
SDN	Africa	Sudan	2021-07-24	37138.0	0.0	21.714	2776.0	0.0	0.0	846.947	0.0	0.495	63.308	0.0	0.0																													43849269.0	23.258	19.7	3.548	2.034	4466.507		431.388	15.67			23.437	0.8	65.31	0.51	
SUR	South America	Suriname	2021-07-24	24797.0	224.0	88.714	628.0	2.0	3.0	42269.967	381.839	151.226	1070.514	3.409	5.114																			235536.0	183522.0	52014.0	996.0	1260.0	40.15	31.28	8.87	2148.0		586634.0	3.612	29.6	6.933	4.229	13767.119		258.314	12.54	7.4	42.9	67.779	3.1	71.68	0.738	
SWE	Europe	Sweden	2021-07-24	1096799.0	0.0	358.857	14651.0	0.0	0.714	108601.81	0.0	35.533	1450.699	0.0	0.071																													10099270.0	24.718	41.0	19.985	13.433	46949.283	0.5	133.982	4.79	18.8	18.9		2.22	82.8	0.945	
CHE	Europe	Switzerland	2021-07-24	712668.0	0.0	670.286	10895.0	0.0	-1.0	82345.402	0.0	77.448	1258.865	0.0	-0.116																												44.44	8654618.0	214.243	43.1	18.436	12.644	57410.166		99.739	5.59	22.6	28.9		4.53	83.78	0.955	
SYR	Asia	Syria	2021-07-24	25865.0	12.0	5.429	1905.0	0.0	0.143	1477.945	0.686	0.31	108.853	0.0	0.008																													17500657.0		21.7		2.577			376.264				70.598	1.5	72.7	0.567	
TWN	Asia	Taiwan	2021-07-24	15558.0	23.0	24.0	786.0	2.0	3.143	653.237	0.966	1.008	33.002	0.084	0.132																													23816775.0		42.2		8.353			103.957						80.46		
TJK	Asia	Tajikistan	2021-07-24	14505.0	78.0	66.857	116.0	0.0	0.857	1520.816	8.178	7.01	12.162	0.0	0.09																												29.63	9537642.0	64.281	23.3	3.466	2.155	2896.913	4.8	427.698	7.11			72.704	4.8	71.1	0.668	
TZA	Africa	Tanzania	2021-07-24	509.0	0.0	0.0	21.0	0.0	0.0	8.521	0.0	0.0	0.352	0.0	0.0																													59734213.0	64.699	17.7	3.108	1.874	2683.304	49.1	217.288	5.75	3.3	26.7	47.953	0.7	65.46	0.529	
THA	Asia	Thailand	2021-07-24	481967.0	14260.0	12854.0	3930.0	119.0	98.571	6904.974	204.298	184.155	56.304	1.705	1.412																													69799978.0	135.132	40.1	11.373	6.89	16277.671	0.1	109.861	7.04	1.9	38.8	90.67	2.1	77.15	0.777	
TLS	Asia	Timor	2021-07-24	10337.0	56.0	33.857	26.0	0.0	0.0	7840.315	42.474	25.68	19.72	0.0	0.0																													1318442.0	87.176	18.0	3.556	1.897	6570.102	30.3	335.346	6.86	6.3	78.1	28.178	5.9	69.5	0.606	
TGO	Africa	Togo	2021-07-24	15072.0	102.0	67.143	143.0	0.0	0.857	1820.568	12.321	8.11	17.273	0.0	0.104																												42.59	8278737.0	143.366	19.4	2.839	1.525	1429.813	49.2	280.033	6.15	0.9	14.2	10.475	0.7	61.04	0.515	
TTO	North America	Trinidad and Tobago	2021-07-24	37365.0	481.0	207.286	1032.0	14.0	6.0	26698.993	343.696	148.115	737.411	10.004	4.287																			507642.0	326343.0	181299.0	19599.0	14616.0	36.27	23.32	12.95	10444.0		1399491.0	266.886	36.2	10.014	5.819	28763.071		228.467	10.97			89.443	3.0	73.51	0.796	
TUN	Africa	Tunisia	2021-07-24	563930.0	5624.0	3304.571	18369.0	317.0	145.0	47715.393	475.859	279.607	1554.243	26.822	12.269																													11818618.0	74.228	32.7	8.001	5.075	10849.297	2.0	318.991	8.52	1.1	65.8	78.687	2.3	76.7	0.74	
TUR	Asia	Turkey	2021-07-24	5587378.0	12381.0	9334.143	50879.0	58.0	55.857	66248.99	146.8	110.674	603.267	0.688	0.662																			65783297.0	39413330.0	22597613.0	453754.0	387560.0	78.0	46.73	26.79	4595.0		84339067.0	104.914	31.6	8.153	5.061	25129.341	0.2	171.285	12.13	14.1	41.1		2.81	77.69	0.82	
UGA	Africa	Uganda	2021-07-24	92115.0	760.0	305.857	2526.0	43.0	28.857	2013.839	16.615	6.687	55.224	0.94	0.631																													45741000.0	213.759	16.4	2.168	1.308	1697.707	41.6	213.333	2.5	3.4	16.7	21.222	0.5	63.37	0.544	
UKR	Europe	Ukraine	2021-07-24	2324935.0	1297.0	1105.286	55347.0	36.0	28.0	53161.106	29.657	25.273	1265.544	0.823	0.64																			4763443.0	3060559.0	1702884.0	71571.0	100281.0	10.89	7.0	3.89	2293.0		43733759.0	77.39	41.4	16.462	11.133	7894.393	0.1	539.849	7.11	13.5	47.4		8.8	72.06	0.779	
ARE	Asia	United Arab Emirates	2021-07-24	670108.0	1507.0	1522.714	1916.0	3.0	2.857	67753.377	152.37	153.959	193.723	0.303	0.289																													9890400.0	112.442	34.0	1.144	0.526	67293.483		317.84	17.26	1.2	37.4		1.2	77.97	0.89	
GBR	Europe	United Kingdom	2021-07-24	5694462.0	31624.0	41004.857	129418.0	88.0	65.429	83882.71	465.84	604.025	1906.402	1.296	0.964																													67886004.0	272.898	40.8	18.517	12.527	39753.244	0.2	122.137	4.28	20.0	24.7		2.54	81.32	0.932	
USA	North America	United States	2021-07-24	34428050.0	27395.0	51448.286	610835.0	115.0	278.714	104011.404	82.764	155.432	1845.408	0.347	0.842																			341039972.0	187982826.0	162725812.0	676050.0	542932.0	101.97	56.21	48.66	1623.0		331002647.0	35.608	38.3	15.413	9.732	54225.446	1.2	151.089	10.79	19.1	24.6		2.77	78.86	0.926	
URY	South America	Uruguay	2021-07-24	380311.0	400.0	225.429	5927.0	14.0	6.857	109482.121	115.15	64.895	1706.237	4.03	1.974																			4662178.0	2534034.0	2128144.0	4359.0	21338.0	134.21	72.95	61.26	6143.0		3473727.0	19.751	35.6	14.655	10.361	20551.409	0.1	160.708	6.93	14.0	19.9		2.8	77.91	0.817	
UZB	Asia	Uzbekistan	2021-07-24	123559.0	773.0	668.286	826.0	7.0	4.714	3691.723	23.096	19.967	24.679	0.209	0.141																													33469199.0	76.134	28.2	4.469	2.873	6253.104		724.417	7.57	1.3	24.7		4.0	71.72	0.72	
VUT	Oceania	Vanuatu	2021-07-24	4.0	0.0	0.0	1.0	0.0	0.0	13.023	0.0	0.0	3.256	0.0	0.0																													307150.0	22.662	23.1	4.394	2.62	2921.909	13.2	546.3	12.02	2.8	34.5	25.209		70.47	0.609	
VAT	Europe	Vatican	2021-07-24	27.0	0.0	0.0			0.0	33374.536	0.0	0.0			0.0																													809.0													75.12		
VEN	South America	Venezuela	2021-07-24	298804.0	1941.0	1012.571	3475.0	32.0	16.143	10507.969	68.259	35.609	122.204	1.125	0.568																													28435943.0	36.253	29.0	6.614	3.915	16745.022		204.85	6.47				0.8	72.06	0.711	
VNM	Asia	Vietnam	2021-07-24	94913.0	16644.0	6273.0	370.0	0.0	20.714	975.081	170.991	64.445	3.801	0.0	0.213																			4535741.0	4163388.0	372353.0	56984.0	39213.0	4.66	4.28	0.38	403.0		97338583.0	308.127	32.6	7.15	4.718	6171.884	2.0	245.465	6.0	1.0	45.9	85.847	2.6	75.4	0.704	
OWID_WRL		World	2021-07-24	193730907.0	565285.0	533204.714	4152497.0	9392.0	8582.571	24853.869	72.521	68.405	532.727	1.205	1.101																			3857093692.0	2114425526.0	1066454329.0	24944032.0	30855306.0	49.48	27.13	13.68	3958.0		7794798729.0	58.045	30.9	8.696	5.355	15469.207	10.0	233.07	8.51	6.434	34.635	60.13	2.705	72.58	0.737	
YEM	Asia	Yemen	2021-07-24	7008.0	5.0	4.429	1373.0	1.0	0.714	234.963	0.168	0.148	46.034	0.034	0.024																													29825968.0	53.508	20.3	2.922	1.583	1479.147	18.8	495.003	5.35	7.6	29.2	49.542	0.7	66.12	0.47	
ZMB	Africa	Zambia	2021-07-24	191527.0	912.0	979.286	3250.0	29.0	28.286	10418.16	49.608	53.268	176.785	1.577	1.539																			343223.0	256059.0	87164.0		9710.0	1.87	1.39	0.47	528.0		18383956.0	22.995	17.7	2.48	1.542	3689.251	57.5	234.499	3.94	3.1	24.7	13.938	2.0	63.89	0.584	
ZWE	Africa	Zimbabwe	2021-07-24	97277.0	1591.0	2094.857	3050.0	89.0	66.0	6544.942	107.045	140.945	205.209	5.988	4.441																													14862927.0	42.729	19.6	2.822	1.882	1899.775	21.4	307.846	1.82	1.6	30.7	36.791	1.7	61.49	0.571	
